{"cameraMode":{"drawMode":0,"name":"Shaded","section":"Shading Mode"},"sceneLighting":false,"audioPlay":false,"sceneViewState":{"showFog":true,"showMaterialUpdate":false,"showSkybox":false,"showFlares":true,"showImageEffects":true,"showParticleSystems":true,"showVisualEffectGraphs":true,"m_FxEnabled":true},"in2DMode":false,"pivot":{"x":0.4938432574272156,"y":-2.255950689315796,"z":1.7839243412017823},"rotation":{"x":0.28853684663772585,"y":0.04355087876319885,"z":-0.013127456419169903,"w":0.9564253687858582},"size":2.649751901626587,"orthographic":false}