{"cameraMode":{"drawMode":0,"name":"Shaded","section":"Shading Mode"},"sceneLighting":true,"audioPlay":false,"sceneViewState":{"showFog":true,"showMaterialUpdate":false,"showSkybox":true,"showFlares":true,"showImageEffects":true,"showParticleSystems":true,"showVisualEffectGraphs":true,"m_FxEnabled":true},"in2DMode":false,"pivot":{"x":0.12609535455703736,"y":0.3599292039871216,"z":0.32869112491607668},"rotation":{"x":0.19085566699504853,"y":-0.09261268377304077,"z":0.01809878647327423,"w":0.9771183133125305},"size":4.646107196807861,"orthographic":false}