{"cameraMode":{"drawMode":0,"name":"Shaded","section":"Shading Mode"},"sceneLighting":true,"audioPlay":false,"sceneViewState":{"showFog":true,"showMaterialUpdate":false,"showSkybox":true,"showFlares":true,"showImageEffects":true,"showParticleSystems":true,"showVisualEffectGraphs":true,"m_FxEnabled":true},"in2DMode":false,"pivot":{"x":1.2915284633636475,"y":0.2993825674057007,"z":-0.11817240715026856},"rotation":{"x":0.28853684663772585,"y":0.04355087876319885,"z":-0.013127456419169903,"w":0.9564253687858582},"size":1.033012866973877,"orthographic":false}