{"cameraMode":{"drawMode":0,"name":"Shaded","section":"Shading Mode"},"sceneLighting":true,"audioPlay":false,"sceneViewState":{"showFog":true,"showMaterialUpdate":false,"showSkybox":true,"showFlares":true,"showImageEffects":true,"showParticleSystems":true,"showVisualEffectGraphs":true,"m_FxEnabled":true},"in2DMode":false,"pivot":{"x":0.5277023315429688,"y":0.3137471675872803,"z":0.16659602522850038},"rotation":{"x":0.20107623934745789,"y":-0.0714402124285698,"z":0.01470506563782692,"w":0.9768816828727722},"size":1.3044846057891846,"orthographic":false}