{"cameraMode":{"drawMode":0,"name":"Shaded","section":"Shading Mode"},"sceneLighting":true,"audioPlay":false,"sceneViewState":{"showFog":true,"showMaterialUpdate":false,"showSkybox":true,"showFlares":true,"showImageEffects":true,"showParticleSystems":true,"showVisualEffectGraphs":true,"m_FxEnabled":true},"in2DMode":false,"pivot":{"x":5.153189659118652,"y":1.6925798654556275,"z":1.385237693786621},"rotation":{"x":0.3120858371257782,"y":-0.011398421600461007,"z":0.003755502635613084,"w":0.9500243067741394},"size":8.629432678222657,"orthographic":false}