{"cameraMode":{"drawMode":0,"name":"Shaded","section":"Shading Mode"},"sceneLighting":false,"audioPlay":false,"sceneViewState":{"showFog":true,"showMaterialUpdate":false,"showSkybox":false,"showFlares":true,"showImageEffects":true,"showParticleSystems":true,"showVisualEffectGraphs":true,"m_FxEnabled":true},"in2DMode":false,"pivot":{"x":0.2649495005607605,"y":0.5226263999938965,"z":0.007207989692687988},"rotation":{"x":0.43449243903160097,"y":0.09205983579158783,"z":-0.04467066749930382,"w":0.8948904871940613},"size":1.1660254001617432,"orthographic":false}