{"cameraMode":{"drawMode":0,"name":"Shaded","section":"Shading Mode"},"sceneLighting":false,"audioPlay":false,"sceneViewState":{"showFog":true,"showMaterialUpdate":false,"showSkybox":false,"showFlares":true,"showImageEffects":true,"showParticleSystems":true,"showVisualEffectGraphs":true,"m_FxEnabled":true},"in2DMode":false,"pivot":{"x":3.193871021270752,"y":0.058614060282707217,"z":0.05317935347557068},"rotation":{"x":0.23118020594120027,"y":-0.1806998997926712,"z":0.0437445342540741,"w":0.9550262093544006},"size":1.0956056118011475,"orthographic":false}